Country Name,Country Code,1971,1972,1973,1974,1975,1976,1977,1978,1979,1980,1981,1982,1983,1984,1985,1986,1987,1988,1989,1990,1991,1992,1993,1994,1995,1996,1997,1998,1999,2000,2001,2002,2003,2004,2005,2006,2007,2008,2009,2010,2011,2012,2013
Afghanistan,AFG,,,,,,,,,,,,,,,,,,,,,,,,,,,,,,,,,,,,969197000,2012885000,2133805000,2469925000,2423337000,2627442000,2708631000,2576820000
Albania,ALB,,,,,,,,,,,,,,,,,,,,,511485000,632621000,786034000,883115000,458860000,491993000,516477000,623593000,773092000,1122377000,1154928000,1181526000,1552159000,1606136000,2101163000,2465359000,2897759000,4238095000,4310066000,5200642000,6227735000,6925760000,7776444000
Algeria,DZA,1260811000,1549797000,2991380000,3365978000,4632813000,6114380000,10598950000,15733603000,18505558000,19363274000,18370310000,17639482000,16367460000,15890301000,18260736000,22649743000,24448828000,26101338000,27248507000,28153909000,28489963000,27351236000,26274678000,30241914000,33051926000,33653884000,30902557000,30692715000,28206784000,25476934000,22763886000,23045302000,23774851000,22426650000,17092402000,5910801000,6134509000,6246392000,7405467000,7246004000,6044782000,5495347000,5231264000
All developing countries,LMY,78625326000,91508204000,1.09635E+11,1.35781E+11,1.65056E+11,2.02403E+11,2.73455E+11,3.46173E+11,4.11734E+11,5.09799E+11,5.89939E+11,6.68086E+11,7.28855E+11,7.56763E+11,8.32616E+11,9.1722E+11,1.04896E+12,1.05339E+12,1.10576E+12,1.19315E+12,1.25667E+12,1.31337E+12,1.4281E+12,1.56838E+12,1.74296E+12,1.79593E+12,1.85414E+12,1.98121E+12,2.01314E+12,1.96397E+12,1.97773E+12,2.04666E+12,2.21448E+12,2.37139E+12,2.352E+12,2.56136E+12,3.04123E+12,3.32489E+12,3.62968E+12,4.10944E+12,4.57159E+12,5.03207E+12,5.50637E+12
Angola,AGO,,,,,,,,,,,,,,,,,,,7288778000,8591990000,9002060000,10067610000,10584311000,11292746000,11500021000,10545818000,9948271000,10784075000,10673235000,9763470000,8776913000,9110398000,9100711000,9786141000,12223964000,9890494000,11931683000,15501573000,17014273000,16949092000,19298252000,20106468000,24003929000
Argentina,ARG,6353923000,6893777000,7374659000,7798535000,7901570000,9501618000,11675730000,13507656000,21176832000,27322462000,35809459000,43787000000,46108325000,49060894000,51156731000,52688153000,58722661000,59108556000,65538430000,62510868000,65675403000,68605634000,64681396000,75094059000,98773129000,1.11387E+11,1.26837E+11,1.40105E+11,1.50014E+11,1.47029E+11,1.49707E+11,1.45644E+11,1.61121E+11,1.65691E+11,1.28186E+11,1.19064E+11,1.20989E+11,1.22987E+11,1.27743E+11,1.20791E+11,1.32743E+11,1.33042E+11,1.36272E+11
Armenia,ARM,,,,,,,,,,,,,,,,,,,,,,,133923000,214330000,370657000,520544000,638485000,804243000,1022596000,1009643000,1401649000,1711690000,1994268000,2106357000,1968027000,2136305000,3037105000,3541308000,4924759000,6279967000,7383319000,7608335000,8677452000
Azerbaijan,AZE,,,,,,,,,,,,,,,,,,,,,,,35540000,112815000,320987000,438310000,508060000,705992000,1266107000,1524261000,1459853000,1626956000,1876746000,2019786000,2118242000,2687517000,3728508000,4465748000,4754596000,7028983000,8084603000,9551446000,9219134000
Bangladesh,BGD,,146504000,497821000,1257485000,1680487000,1993988000,2331731000,2820090000,2967070000,3802227000,4209316000,4940332000,5346290000,5541813000,6529760000,7913200000,9737079000,10273203000,10698424000,12285289000,12989952000,13419429000,14116386000,15481582000,15725858000,15160701000,14250132000,15502613000,16444791000,15596073000,14924208000,16632862000,18385489000,19659229000,18448815000,20105778000,21372645000,22952384000,24618800000,25751685000,27326255000,26187691000,27804213000
Belarus,BLR,,,,,,,,,,,,,,,,,,,,,,,968283000,1296123000,1688343000,1952022000,2067995000,2368126000,2685977000,2604108000,2780979000,3378292000,3760979000,4584153000,5283532000,6543942000,12488163000,15121509000,22053829000,28396882000,33925656000,33755736000,39107969000
Belize,BLZ,4339000,5070000,4826000,5274000,4827000,9166000,20670000,33313000,71829000,63043000,60228000,69804000,100640000,98759000,118126000,121871000,137195000,132277000,137218000,142753000,161782000,180961000,194553000,198666000,255158000,281537000,450096000,333460000,371179000,527902000,597881000,697329000,909530000,927891000,988820000,1023949000,1048500000,1252132000,1270864000,1286915000,1261072000,1195808000,1249013000
Benin,BEN,51047000,47314000,90483000,108806000,119207000,141218000,212373000,283897000,453817000,474870000,543225000,758278000,798440000,762602000,902876000,1038614000,1244497000,1170206000,1070155000,1119737000,1158662000,1198998000,1270599000,1382105000,1396512000,1377637000,1411354000,1433928000,1488491000,1399689000,1470317000,1608562000,1485973000,1612808000,1551744000,648365000,771286000,976255000,1319075000,1599164000,1868559000,2053574000,2366618000
Bhutan,BTN,,,,,,,,,,,326000,1144000,1764000,2733000,8832000,20952000,40242000,67083000,73856000,83544000,86340000,89199000,96620000,104510000,105770000,113041000,119620000,171041000,192034000,211575000,272714000,386050000,493625000,601317000,656602000,721114000,801239000,693527000,722814000,867681000,1015275000,1419881000,1479683000
Bolivia,BOL,693955000,809514000,851175000,946415000,1080565000,1360673000,1803420000,2238360000,2633583000,2784674000,3310318000,3422088000,4164922000,4412206000,4898178000,5670013000,5934541000,5001707000,4229853000,4369980000,4158856000,4332369000,4398758000,4959753000,5343071000,5258985000,5298471000,5674720000,5642453000,5875443000,4770180000,5041139000,5793310000,6220296000,6908382000,5805421000,5381487000,5903633000,5994557000,6017211000,6447552000,6905253000,7894918000
Bosnia and Herzegovina,BIH,,,,,,,,,,,,,,,,,,,,,,,,,,,,,2404661000,2799822000,2684312000,3165153000,4482979000,5573734000,6377547000,7130617000,9249572000,9814962000,11327640000,9934954000,10164772000,10577326000,11077506000
Botswana,BWA,33200000,74755000,114918000,134057000,147981000,166351000,185565000,125538000,130020000,135630000,159543000,204805000,228124000,266914000,345664000,407034000,543405000,532597000,549843000,552922000,612559000,606350000,663983000,700390000,717156000,626529000,574728000,532171000,510210000,458434000,405351000,494349000,520126000,516798000,453535000,388732000,419982000,440498000,1707365000,1797095000,2396239000,2488244000,2430356000
Brazil,BRA,7726268000,11863652000,15066010000,22464944000,27781562000,33801314000,42500190000,55032105000,61795267000,71983914000,81914151000,94428715000,99022219000,1.04364E+11,1.04174E+11,1.09645E+11,1.20471E+11,1.18035E+11,1.14951E+11,1.20304E+11,1.21331E+11,1.29531E+11,1.44595E+11,1.52898E+11,1.60988E+11,1.81813E+11,1.99E+11,2.42026E+11,2.45115E+11,2.42512E+11,2.2996E+11,2.31944E+11,2.35908E+11,2.20694E+11,1.88365E+11,1.94303E+11,2.38444E+11,2.62951E+11,2.81648E+11,3.52364E+11,4.04046E+11,4.40507E+11,4.8247E+11
Bulgaria,BGR,,,,,,,,,,,772738000,1313091000,1738593000,2583927000,3851537000,5866002000,8265581000,8943894000,10137085000,10889630000,11741677000,11838557000,12177639000,9828535000,10378825000,10368634000,11099668000,11404851000,11858255000,12008840000,11274812000,12313482000,14259736000,16620264000,18507345000,28007277000,43822452000,52632220000,55374943000,50318058000,47174930000,50655770000,52994680000
Burkina Faso,BFA,23601000,20019000,31067000,47356000,62533000,85306000,164289000,262706000,295034000,330414000,328159000,351832000,397716000,409964000,512715000,639620000,827401000,845142000,717151000,832031000,964513000,1036277000,1114575000,1131310000,1270624000,1298254000,1301634000,1459101000,1596661000,1435098000,1505345000,1554273000,1744190000,1930598000,2000152000,1131708000,1465190000,1583208000,1916662000,2148426000,2290314000,2518738000,2564129000
Burundi,BDI,13628000,6895000,7780000,9438000,19380000,22364000,47222000,74680000,136188000,165720000,178613000,227433000,307725000,348005000,455098000,570431000,769580000,800692000,888853000,906937000,963470000,1026584000,1065650000,1127405000,1161955000,1130902000,1068958000,1121832000,1153730000,1125866000,1093541000,1232211000,1348343000,1357933000,1287890000,1371906000,1409727000,1390284000,607228000,620921000,604411000,667316000,682676000
Cabo Verde,CPV,,,,,,,,,,,39377000,59015000,71696000,76251000,94919000,113301000,129538000,124349000,126041000,133760000,134242000,141994000,147574000,175923000,214117000,202637000,206531000,246755000,328534000,319703000,346217000,387897000,441401000,464180000,477480000,524177000,580581000,626141000,726703000,892424000,1038634000,1247560000,1483651000
Cambodia,KHM,,,,,,,,,,,1320000,9340000,9360000,5380000,7400000,31348000,42011000,39950000,1678760000,1845023000,1852344000,1830616000,1820522000,1908642000,2281042000,2353729000,2382836000,2464552000,2538515000,2647984000,2715880000,2921276000,3214879000,3463040000,3524812000,3517935000,2766935000,3181096000,3439062000,3754955000,4355720000,5651608000,6427049000
Cameroon,CMR,180104000,221564000,265900000,323576000,441410000,610921000,1112891000,1529109000,2172014000,2572796000,2646361000,2802940000,2895591000,2895909000,3161494000,4137222000,4588507000,4813315000,5364591000,6562510000,6770476000,7518669000,7675402000,9302306000,10992523000,11115269000,10721252000,11307903000,10765385000,10561273000,9745290000,10287685000,11408146000,10855778000,7700087000,3418552000,3085945000,2826102000,3237834000,3193690000,3110280000,3750840000,4922311000
Central African Republic,CAF,28420000,36812000,56155000,68577000,79157000,94577000,131978000,142361000,157824000,194662000,233489000,253473000,257905000,263621000,343526000,461863000,617836000,668831000,693534000,698507000,794177000,814197000,875128000,888056000,945981000,932750000,882963000,918822000,924196000,872118000,835757000,1085709000,1065924000,1093313000,1032954000,1023582000,997445000,990007000,537612000,614179000,547297000,551507000,574377000
Chad,TCD,46990000,36534000,47950000,76030000,143033000,155883000,206654000,280957000,308434000,284236000,259157000,220538000,219449000,193968000,216487000,263175000,347956000,395718000,398672000,514179000,616561000,641680000,692277000,784044000,841874000,946590000,956913000,1029976000,1109216000,1100631000,1097578000,1278428000,1541455000,1654213000,1629648000,1756330000,1851762000,1802478000,1866374000,2156557000,2164899000,2166469000,2215501000
China,CHN,,,,,,,,,,,5798016000,8359970000,9611696000,12088825000,16699019000,23719324000,35339512000,42438956000,44932462000,55301411000,60259176000,72427953000,85927702000,1.00457E+11,1.1809E+11,1.28817E+11,1.46697E+11,1.43982E+11,1.48564E+11,1.45648E+11,1.84059E+11,1.85196E+11,2.06535E+11,2.44548E+11,2.81114E+11,3.208E+11,3.71721E+11,3.78469E+11,4.45942E+11,5.59772E+11,7.10234E+11,7.50746E+11,8.74463E+11
Colombia,COL,2635938000,2964724000,3326835000,3515016000,3934673000,4123792000,5232471000,5286645000,6056967000,7135606000,8925378000,10519982000,11639495000,12274127000,14477395000,15584802000,17238841000,17214281000,17075302000,17404181000,17371252000,17451116000,18865650000,22013988000,25073417000,28697868000,31767290000,32930043000,33680392000,33159155000,35474452000,32446907000,36209852000,37211052000,37162426000,37607368000,43390772000,46245221000,53045121000,63814656000,76901576000,79871266000,91978384000
Comoros,COM,1238000,1507000,1693000,4292000,4722000,18516000,24523000,29351000,40110000,43977000,54853000,68942000,85801000,104791000,134215000,166564000,203347000,199821000,174681000,184829000,179474000,187895000,187450000,199633000,209126000,220520000,222726000,228031000,228765000,226678000,239347000,265956000,283168000,296393000,280793000,284771000,289228000,278818000,288365000,280577000,277941000,251152000,146328000
"Congo, Dem. Rep.",ZAR,410052000,676590000,1046503000,1538496000,2038616000,2918442000,3661983000,4491698000,4527131000,4773626000,5091892000,5078871000,5335732000,5289922000,6183446000,7190747000,8776455000,8562157000,9251497000,10258588000,10840413000,10972451000,11273324000,12321601000,13239366000,12830258000,12337528000,13202856000,12166588000,11804913000,11627485000,10176855000,11363750000,11558208000,10714719000,11357304000,12471708000,12322290000,13083291000,6188385000,5530620000,5590972000,6081631000
"Congo, Rep.",COG,139976000,158184000,189110000,260489000,357186000,381344000,578774000,780701000,1044540000,1507745000,1429626000,1897236000,1968344000,2009088000,2981287000,3472835000,4251019000,4025190000,4211736000,4902778000,4771561000,4708907000,5074496000,5393929000,5988176000,5199139000,5010700000,5078471000,5006409000,4865132000,4496120000,5165277000,5546800000,6695193000,6258343000,6675063000,5280359000,5488230000,4938930000,2406095000,2638243000,2829320000,3451611000
Costa Rica,CRI,365557000,437426000,520729000,654054000,874276000,1075347000,1415430000,1784970000,2233305000,2863520000,3427582000,3766618000,4300983000,4111662000,4509215000,4683195000,4824945000,4622625000,4676114000,3835635000,4096230000,4004907000,3929043000,3966999000,3851612000,3524275000,3500558000,3971702000,4250699000,4737675000,4929472000,5111135000,5687222000,5743456000,6518658000,7023913000,8437635000,9242191000,8156382000,8546913000,10723264000,14509500000,17442799000
Cote d'Ivoire,CIV,514359000,579842000,863196000,1066224000,1464556000,1827780000,2572850000,3835978000,4772168000,7462432000,8140841000,8961396000,8858430000,8545897000,9659034000,11449806000,13577092000,13342271000,14820649000,17251134000,18174033000,18546515000,19070885000,17395165000,18898529000,19523631000,15608684000,14851812000,13221902000,12187262000,11633234000,11830931000,12232624000,12413087000,11177933000,11956417000,12969444000,12015521000,13430783000,10664773000,12334464000,9168079000,11287827000
Djibouti,DJI,2637000,5369000,6286000,8216000,12234000,17255000,19237000,21045000,20524000,25820000,19836000,24411000,33566000,62017000,95976000,119265000,154397000,158288000,131250000,155289000,204847000,219981000,232492000,257656000,272438000,287625000,262658000,279005000,269330000,298600000,298614000,359552000,395043000,456662000,485131000,565984000,821178000,843292000,894082000,769694000,775896000,807673000,832837000
Dominica,DMA,,,,,,,,,,,14434000,20520000,39154000,51479000,58688000,61404000,75386000,76654000,80619000,90753000,98103000,97712000,98251000,99702000,104870000,116471000,105115000,113901000,134175000,183326000,232893000,248883000,307393000,308100000,277370000,255974000,292216000,304384000,270931000,250486000,263598000,287932000,292932000
Dominican Republic,DOM,439941000,480997000,516416000,625955000,729788000,875533000,1189250000,1406397000,1682290000,2081117000,2371586000,2598219000,3004358000,3184593000,3573467000,3762209000,4012436000,4072687000,4148782000,4484666000,4599372000,4716246000,4957326000,4366322000,4532952000,4414783000,4309979000,4474304000,4794694000,4652267000,5250721000,6635155000,7276844000,7818993000,7751827000,9219829000,10747962000,10609373000,11851319000,13496542000,15095718000,22100400000,23830932000
East Asia & Pacific,EAP,9788432000,11439972000,13162963000,16215058000,20637641000,26183332000,32835843000,40274849000,47793422000,60549148000,72798415000,87720832000,1.00383E+11,1.07523E+11,1.23517E+11,1.41999E+11,1.68799E+11,1.74685E+11,2.03594E+11,2.33529E+11,2.62405E+11,2.93252E+11,3.27819E+11,3.82959E+11,4.56494E+11,4.94414E+11,5.26199E+11,5.33056E+11,5.35808E+11,4.97389E+11,5.1458E+11,5.13796E+11,5.44414E+11,5.97373E+11,6.4152E+11,6.83464E+11,7.67195E+11,8.14998E+11,9.3739E+11,1.13686E+12,1.34429E+12,1.50809E+12,1.67295E+12
Ecuador,ECU,434479000,538022000,576058000,710816000,995997000,1216223000,2486238000,4089479000,4637968000,6109539000,7773190000,7808173000,7693022000,8400085000,8792331000,9418380000,10553610000,10816824000,11385438000,12172336000,12522211000,12263615000,14115422000,15010549000,13922122000,14368433000,15275713000,15464409000,16075249000,13337898000,14107765000,16222081000,16660385000,17546811000,17408304000,17399005000,17868395000,15817780000,13263471000,14962608000,16496504000,16931219000,20279784000
"Egypt, Arab Rep.",EGY,2049120000,1952426000,1991612000,2209482000,4835412000,6357335000,11733543000,12857845000,14905846000,19130728000,22077637000,27323183000,30212515000,32183491000,36113422000,39868341000,44120453000,46111910000,45645970000,32963327000,32592802000,31137649000,30621812000,32468748000,33443932000,31484023000,29928840000,32272725000,31060136000,29178416000,27282878000,28871591000,29899662000,30759599000,29948152000,30648521000,34235668000,33573620000,35068017000,36541583000,35147466000,39997780000,44430257000
El Salvador,SLV,230545000,277866000,282879000,419354000,491364000,567664000,813717000,998401000,973790000,996825000,1219727000,1535579000,1840051000,1927866000,1947464000,1955291000,2073825000,2098775000,2171658000,2232390000,2272550000,2346755000,1992936000,2163864000,2569442000,2872522000,3203307000,3310665000,3762996000,4535063000,5344552000,5767922000,8101202000,8573135000,9316671000,10219737000,9854593000,10650668000,10368173000,11059124000,11994903000,13189357000,13371633000
Eritrea,ERI,,,,,,,,,,,,,,,,,,,,,,,,29057000,36689000,44287000,75455000,146135000,273363000,329695000,432797000,540750000,656092000,760242000,757208000,822734000,896355000,997784000,1050652000,1041547000,1055238000,994095000,945548000
Ethiopia,ETH,204419000,226991000,256402000,283127000,343671000,402643000,500729000,567286000,740068000,823664000,1841817000,3279544000,3845083000,4222338000,5212378000,6144334000,7377281000,7716889000,7855474000,8645160000,9133599000,9355551000,9717486000,10077757000,10322238000,10091745000,10090470000,10360374000,5572185000,5509414000,5751887000,6559474000,7306981000,6680003000,6224070000,2293741000,2637803000,2896205000,5232461000,7346516000,8603553000,10462401000,12556584000
Europe & Central Asia,ECA,6414312000,7522010000,9123734000,10431419000,11916214000,14874244000,22425205000,36656964000,44429914000,57543144000,60893241000,61133739000,62408010000,62590715000,73082705000,84194284000,97845663000,93684338000,92346844000,1.00798E+11,1.04402E+11,1.11863E+11,1.34001E+11,1.38298E+11,1.5558E+11,1.60885E+11,1.71985E+11,1.95436E+11,2.10452E+11,2.34137E+11,2.43755E+11,2.81402E+11,3.3113E+11,4.00063E+11,4.44123E+11,6.10916E+11,8.15734E+11,9.69471E+11,1.02381E+12,1.06193E+12,1.09507E+12,1.14334E+12,1.23424E+12
Fiji,FJI,14812000,20722000,47199000,54508000,59301000,63897000,120597000,103214000,141677000,216320000,276433000,302392000,332406000,314557000,335680000,339616000,364679000,370909000,312164000,308385000,272741000,250497000,240077000,190999000,178249000,160816000,153997000,136898000,201154000,181663000,168180000,178704000,194130000,256742000,195667000,364663000,380282000,390601000,535935000,553189000,859365000,730617000,797470000
Gabon,GAB,145537000,229642000,396229000,528007000,882648000,1234274000,1476400000,1512806000,1722579000,1514019000,1135599000,1000630000,914895000,919428000,1206161000,1943577000,2618911000,2844960000,3350490000,3982878000,4222973000,3849992000,3861395000,4171608000,4360765000,4311298000,4280153000,4428251000,4004025000,3920116000,3436923000,3528772000,3770531000,4083319000,3897909000,4203328000,4859772000,2152837000,2324465000,2523865000,2798393000,2869665000,4316202000
"Gambia, The",GMB,5479000,7363000,8860000,12225000,13415000,15429000,38016000,49814000,81232000,136799000,176028000,207088000,211730000,230292000,245075000,270136000,326672000,325156000,337736000,369110000,383163000,403396000,425977000,422977000,426068000,451987000,424643000,459520000,471742000,490098000,494466000,583708000,643385000,681058000,667072000,717773000,700066000,372966000,506220000,512274000,475765000,512838000,522655000
Georgia,GEO,,,,,,,,,,,,,,,,,,,,,,79312000,558987000,1450018000,1240357000,1361321000,1465765000,1648136000,1851042000,1825516000,1909486000,2034422000,2148631000,2316620000,2151259000,2573388000,2897382000,7633219000,8555986000,9519229000,11359193000,13148786000,13693780000
Ghana,GHA,546219000,605229000,756432000,759284000,734976000,712713000,1066621000,1278643000,1282473000,1401747000,1538843000,1484228000,1665925000,1959412000,2243294000,2746613000,3284443000,3056441000,3294417000,3734359000,4156472000,4238475000,4575159000,5101130000,5494858000,5787693000,5712274000,6310867000,6506320000,6253554000,6549755000,7196914000,7877544000,7427796000,7168287000,3677334000,5101049000,5678934000,7181768000,9300145000,11282192000,12567892000,15831510000
Grenada,GRD,9107000,8930000,8982000,9276000,10075000,9890000,13470000,18017000,21258000,20433000,32954000,44419000,57540000,54709000,58897000,64488000,79569000,90036000,90961000,112245000,123911000,116773000,148887000,129878000,127850000,140467000,116504000,172097000,137875000,203460000,241584000,368115000,377813000,433368000,407247000,500499000,537632000,551776000,571446000,578149000,566939000,590572000,585619000
Guatemala,GTM,219103000,234065000,280352000,325354000,396868000,465475000,744635000,909888000,1142204000,1269754000,1368802000,1654445000,1925688000,2486022000,2787415000,2915606000,2891485000,2707895000,2701289000,2910263000,2867374000,2819816000,2941087000,3158168000,3331896000,3391925000,3491591000,3687669000,3871943000,3948028000,4381822000,4527094000,5157578000,8094354000,9506427000,10946173000,12676434000,13820990000,14821985000,15038689000,16276587000,14052803000,16823187000
Guinea,GIN,450889000,525060000,633743000,756099000,786318000,836378000,930313000,1053336000,1171291000,1138757000,1375339000,1369542000,1350337000,1259796000,1468400000,1767437000,2074946000,2267578000,2180493000,2480344000,2626663000,2654764000,2848581000,3115204000,3255481000,3250552000,3522159000,3555861000,3209826000,3083050000,2958539000,3136691000,3233907000,3205101000,2967789000,3127324000,3223954000,3164660000,3128438000,3127097000,3139139000,1096542000,1197825000
Guinea-Bissau,GNB,0,0,0,0,7904000,16173000,25849000,51399000,69510000,137332000,149446000,170158000,198811000,254000000,319397000,372966000,482398000,566147000,595501000,694508000,747551000,761571000,786744000,849777000,895004000,935617000,920135000,969354000,939367000,947838000,902141000,976952000,1064415000,1113762000,1021693000,1046371000,1091287000,1098295000,1149034000,1128579000,283671000,279453000,277396000
Guyana,GUY,156518000,158272000,178347000,220850000,328515000,426535000,526378000,610959000,686666000,842478000,916730000,1006131000,1254027000,1313765000,1526055000,1663701000,1765601000,1893964000,1660085000,1963009000,1977494000,1913411000,1967642000,2051767000,2118359000,1607212000,1590387000,1480763000,1433418000,1384146000,1328584000,1391416000,1454028000,1385282000,1236708000,1163026000,758521000,850393000,1171811000,1485289000,1845563000,1974115000,2303339000
Haiti,HTI,50037000,53696000,51307000,120420000,148427000,181456000,235043000,281813000,334668000,382656000,500090000,609873000,644477000,731571000,782786000,773999000,905281000,877118000,859314000,939003000,804897000,830300000,845831000,758204000,837403000,924239000,1071797000,1068534000,1221741000,1203393000,1285546000,1280699000,1364913000,1331165000,1346849000,1524873000,1601445000,1964204000,1448333000,952799000,750326000,1121818000,1270501000
Honduras,HND,195526000,221180000,256096000,351485000,451043000,442651000,837190000,1024363000,1278415000,1572743000,1806703000,1948504000,2237518000,2407553000,2856022000,3098894000,3419826000,3426427000,3492340000,3816726000,3483449000,3970305000,4432303000,4792509000,4911697000,4806154000,4937918000,5094199000,5442927000,5477719000,5018742000,5352469000,5519519000,6102885000,5170225000,4018682000,2999781000,3489073000,3805642000,3976633000,4387607000,5054988000,6830943000
Hungary,HUN,,,,,,,,,,,,10195767000,10734995000,10992619000,13956520000,16908375000,19584591000,19609438000,20396640000,21201481000,22630790000,22028098000,24403711000,28304275000,31575582000,27150328000,24451293000,28356592000,31172098000,30753506000,31495303000,41885258000,57493684000,83124071000,86226084000,1.33206E+11,1.74521E+11,2.22899E+11,2.39941E+11,2.15935E+11,2.10824E+11,2.0138E+11,1.96739E+11
India,IND,9328752000,10029275000,10965920000,12696942000,13873733000,14596505000,15477978000,16707468000,18453677000,21086978000,23192328000,27809954000,31899698000,33987018000,40630296000,47077907000,56181733000,61658930000,75941284000,85661435000,86864154000,89661738000,93055389000,99608172000,95173606000,94910351000,94700961000,98774220000,1.00063E+11,1.0113E+11,99499082000,1.05742E+11,1.18885E+11,1.23644E+11,1.21195E+11,1.59526E+11,2.04058E+11,2.27114E+11,2.56312E+11,2.91651E+11,3.36845E+11,3.95071E+11,4.27562E+11
Indonesia,IDN,4982261000,5863064000,7270798000,9100923000,11497813000,14010055000,16470547000,18045709000,18623753000,20937702000,22761141000,25133287000,30229381000,32025242000,36714624000,42914289000,52526345000,54053868000,59380148000,69848499000,79523030000,87978588000,89146947000,1.07809E+11,1.24389E+11,1.28989E+11,1.36322E+11,1.51467E+11,1.51789E+11,1.43655E+11,1.32347E+11,1.28115E+11,1.3378E+11,1.37488E+11,1.4182E+11,1.35959E+11,1.47854E+11,1.57906E+11,1.79394E+11,1.98268E+11,2.19619E+11,2.45821E+11,2.59069E+11
"Iran, Islamic Rep.",IRN,0,0,0,0,0,0,0,0,0,4500432000,3857188000,8235718000,7107051000,5159714000,6057012000,5826860000,6144204000,5830604000,6518455000,9020469000,11330038000,16084169000,23502325000,22241592000,21564992000,16465521000,11638952000,12214947000,9674408000,8024446000,7626753000,9034423000,14104101000,20618373000,21543401000,20572857000,21437737000,15721868000,18246876000,20030369000,15498594000,7405850000,7646571000
Jamaica,JAM,1017280000,1050174000,1218592000,1451063000,1631095000,1468084000,1698453000,1438095000,1719517000,1925850000,2314813000,2858428000,3468907000,3612960000,4123539000,4233907000,4673798000,4510626000,4530883000,4652176000,4478565000,4515141000,4300607000,4547265000,4510669000,3992772000,3711898000,3825419000,3925644000,4715955000,5354297000,5469478000,5584035000,6386786000,6465616000,7981480000,10378412000,10307826000,11026063000,14098699000,14263721000,14218874000,13789533000
Jordan,JOR,153349000,180465000,214802000,270699000,342815000,432464000,796334000,1111303000,1417948000,1866842000,2186349000,2648432000,3021412000,3286370000,3943827000,4831644000,6261594000,5918248000,7316082000,8332910000,9700260000,7966938000,7644546000,7553124000,7660562000,7385455000,7313840000,7560998000,8106269000,11062641000,11885713000,13015827000,12650321000,13047244000,12903704000,13981823000,14991125000,13969142000,14427064000,17214616000,17794858000,18846452000,23969857000
Kazakhstan,KAZ,,,,,,,,,,,,,,,,,,,,,,34979000,1727752000,2789564000,3750246000,2922217000,4077950000,6074809000,6600353000,12890153000,15339983000,18437238000,23226794000,33233116000,43857020000,74429318000,96232044000,1.06731E+11,1.09734E+11,1.19145E+11,1.24317E+11,1.35502E+11,1.48456E+11
Kenya,KEN,497896000,581162000,844708000,1152689000,1290223000,1493329000,1658884000,2173736000,2720996000,3386807000,3228163000,3367820000,3628281000,3511512000,4181349000,4603586000,5783677000,5809652000,5889264000,7055596000,7453506000,6898202000,7111502000,7124411000,7309191000,6813759000,6465189000,6824078000,6525706000,6189022000,5566284000,6177278000,6922732000,6976677000,6482895000,6680511000,7522662000,7607377000,8589492000,8801155000,10286894000,11569237000,13471481000
Kosovo,KSV,,,,,,,,,,,,,,,,,,,,,,,,,,,,,,,,,,,,,,709873000,1725716000,1455550000,1699829000,2002396000,2199339000
Kyrgyz Republic,KGZ,,,,,,,,,,,,,,,,,,,,,,5527000,292084000,446759000,609470000,1136991000,1340945000,1505066000,1852208000,1937816000,1823859000,1957507000,2148375000,2562762000,2256600000,2598266000,2880965000,3628237000,4118950000,4114487000,5485932000,6025858000,6803753000
Lao PDR,LAO,15633000,18802000,32603000,41034000,44232000,108234000,172944000,255343000,308167000,350244000,389953000,428586000,450512000,518192000,618658000,868261000,1161377000,1325483000,1471533000,1766034000,1870665000,1915007000,1984393000,2069069000,2154832000,2252889000,2320321000,2449958000,2545209000,2519544000,2505605000,3067823000,2338046000,2630239000,2912227000,3496283000,4607924000,5180996000,5792122000,5722713000,6719729000,7343869000,8615245000
Latin America & Caribbean,LAC,34316670000,41495752000,49334976000,63418069000,75817944000,95080214000,1.26298E+11,1.55643E+11,1.88096E+11,2.30184E+11,2.7828E+11,3.13798E+11,3.40634E+11,3.53617E+11,3.63891E+11,3.80797E+11,4.15985E+11,4.04575E+11,4.01422E+11,4.19566E+11,4.35097E+11,4.47858E+11,4.84225E+11,5.19753E+11,5.8282E+11,6.02718E+11,6.37041E+11,7.1365E+11,7.37439E+11,7.1429E+11,7.17893E+11,7.10477E+11,7.48691E+11,7.53004E+11,6.96986E+11,6.95141E+11,7.95109E+11,8.49319E+11,8.95907E+11,1.06182E+12,1.20615E+12,1.3502E+12,1.4954E+12
Lebanon,LBN,68095000,61560000,56394000,49285000,45669000,39041000,53178000,184819000,277531000,510290000,621068000,725433000,920211000,866304000,876003000,866474000,963318000,993308000,1031127000,1787050000,1562590000,1814004000,1354965000,2135471000,2974379000,4017549000,5092469000,6972407000,8490679000,10249992000,12899511000,17635405000,19517578000,23133833000,23333604000,25118741000,25642489000,24328157000,24803099000,24590506000,24767153000,28950745000,30946685000
Lesotho,LSO,8629000,9488000,8259000,10153000,14084000,16202000,24592000,34001000,53128000,71943000,84408000,122069000,128674000,138034000,175286000,197620000,258628000,287086000,328145000,395586000,447387000,494404000,542370000,622551000,684359000,701225000,673453000,688209000,687189000,676690000,602410000,659574000,708755000,772436000,667297000,655438000,683486000,694569000,756330000,778038000,797556000,860216000,885185000
Liberia,LBR,162114000,159382000,159152000,161976000,178683000,208532000,292111000,443070000,596484000,685686000,813445000,902592000,1007602000,1080100000,1250204000,1549809000,1847224000,1842324000,1874058000,2055586000,2177344000,2163238000,2221488000,2347913000,2466150000,2423883000,2406200000,2561188000,2588479000,2836280000,3035973000,3293836000,3632796000,3862480000,3950579000,4191790000,3777966000,3160827000,1850282000,418852000,448431000,487147000,541530000
Low income,LIC,4903497000,5803546000,7632547000,10383368000,12288908000,14003171000,18156028000,23074859000,26103673000,31329947000,35724428000,40623034000,44638717000,47217713000,57234853000,61700192000,74180405000,76263372000,79468956000,88848010000,93286996000,96089457000,1.00011E+11,1.06489E+11,1.11667E+11,1.09145E+11,1.07589E+11,1.13618E+11,1.09091E+11,1.05776E+11,1.01062E+11,1.08086E+11,1.18107E+11,1.22809E+11,1.17171E+11,98285649000,1.06182E+11,1.12419E+11,1.21575E+11,1.20158E+11,1.27732E+11,1.35283E+11,1.46957E+11
Lower middle income,LMC,30828373000,33904225000,39136365000,46521600000,57855875000,68746002000,90889073000,1.06871E+11,1.22376E+11,1.50163E+11,1.71115E+11,1.97523E+11,2.23554E+11,2.34389E+11,2.66828E+11,3.04222E+11,3.55371E+11,3.66575E+11,4.13487E+11,4.44776E+11,4.62467E+11,4.74946E+11,4.90556E+11,5.384E+11,5.66377E+11,5.69432E+11,5.6882E+11,6.07751E+11,6.19872E+11,5.93946E+11,5.78436E+11,5.94078E+11,6.38809E+11,6.61366E+11,6.24932E+11,6.55425E+11,7.66309E+11,8.43808E+11,9.37505E+11,1.05814E+12,1.17591E+12,1.30004E+12,1.3985E+12
"Macedonia, FYR",MKD,,,,,,,,,,,,,,,,,,,,,,,1041777000,1103614000,1277120000,1818420000,1233574000,1489950000,1436805000,1479938000,1498001000,1695822000,1889304000,2829110000,2981489000,3296984000,4174060000,4457461000,5246915000,5343857000,6304052000,6649968000,6933808000
Madagascar,MDG,488440000,510141000,504983000,750848000,791022000,189939000,781573000,355900000,773089000,1238564000,1604349000,1924267000,2031851000,2138863000,2519876000,2994425000,3667528000,3667816000,3417605000,3688853000,3891883000,3895784000,3786904000,4075946000,4301656000,4127376000,4099131000,4383690000,4771072000,4716266000,4177482000,4537267000,4973095000,3818264000,3521063000,1520521000,2283015000,2479910000,2788052000,2699286000,2769361000,2896398000,2848695000
Malawi,MWI,152211000,175659000,215017000,242454000,270144000,309344000,460544000,594683000,668974000,830101000,821554000,864821000,892448000,879967000,1020832000,1157321000,1366792000,1358307000,1408664000,1556812000,1663579000,1707662000,1825150000,2020022000,2237771000,2310882000,2224729000,2438187000,2756385000,2719222000,2598167000,2901809000,3114550000,3444382000,3195858000,869593000,868791000,995625000,1144299000,1038634000,1205419000,1316034000,1558299000
Malaysia,MYS,701049000,939925000,1019657000,1278107000,2104263000,2712756000,3425066000,4166917000,4955504000,6610722000,9179631000,13353768000,17553908000,18737476000,20273081000,21882901000,22841643000,18569336000,16279833000,15329832000,17080598000,20018184000,26148472000,30335877000,34342562000,39673262000,47228241000,42409220000,41976349000,41946128000,45157951000,48343648000,50773204000,60510496000,64911362000,70050746000,84215420000,1.06896E+11,1.19611E+11,1.358E+11,1.46898E+11,1.95064E+11,2.13129E+11
Maldives,MDV,,,,,,,,8885000,12814000,25763000,38886000,65069000,77222000,82808000,83066000,68686000,72837000,71361000,66800000,77967000,81243000,94899000,112349000,123524000,154868000,168203000,171334000,193600000,219242000,206372000,235280000,271505000,292924000,339687000,362339000,556397000,831640000,898647000,965065000,994326000,973839000,844789000,820504000
Mali,MLI,270908000,268461000,301153000,349030000,356082000,373792000,471755000,564050000,567286000,727064000,830266000,875178000,988421000,1237312000,1456138000,1743109000,2049083000,2019875000,2127519000,2468005000,2597678000,2899291000,2903222000,2694524000,2958177000,3006608000,3152287000,3204823000,3217983000,2981178000,2878082000,2792059000,3076153000,3289524000,3223563000,1615324000,1850254000,2055383000,2210303000,2455770000,2923438000,3063551000,3422795000
Mauritania,MRT,38922000,55904000,105096000,167766000,188224000,407018000,522569000,682624000,716483000,839481000,964383000,1136811000,1277250000,1320993000,1454647000,1746214000,2028518000,2051136000,1971950000,2113533000,2205554000,2104794000,2173839000,2259621000,2395727000,2456556000,2493427000,2390770000,2545605000,2390391000,2297460000,2279009000,2358875000,2338403000,2321841000,1632566000,1719474000,2000567000,2288781000,2705233000,2866827000,3352237000,3570463000
Mauritius,MUS,33286000,35860000,42350000,47814000,52179000,64922000,101516000,190057000,306193000,420230000,504757000,550036000,512033000,510117000,577757000,634221000,785231000,824026000,812914000,932293000,991773000,943715000,901104000,1098539000,1415399000,1398986000,1339676000,1281159000,1292871000,966764000,867308000,931115000,1003326000,948588000,805000000,670171000,714362000,670775000,2265007000,2733923000,9574476000,10221148000,10919487000
Mexico,MEX,7627450000,8351504000,10667131000,14080544000,18381409000,24139106000,31382400000,35905340000,42974451000,57574362000,78412643000,86274651000,93158281000,95016519000,97063213000,1.01083E+11,1.09653E+11,99399527000,94016246000,1.04604E+11,1.1422E+11,1.12441E+11,1.30646E+11,1.38657E+11,1.65476E+11,1.5634E+11,1.47779E+11,1.5925E+11,1.67188E+11,1.5226E+11,1.65914E+11,1.59276E+11,1.64115E+11,1.69545E+11,1.75918E+11,1.73454E+11,1.99218E+11,2.0619E+11,2.01911E+11,2.62022E+11,3.02173E+11,3.7583E+11,4.43012E+11
Middle East & North Africa,MNA,5736217000,6213210000,8207874000,9415346000,14894999000,19326859000,33635409000,42777897000,50305239000,63956348000,68232602000,81448033000,86283450000,87070848000,1.00495E+11,1.14698E+11,1.30173E+11,1.34796E+11,1.40062E+11,1.36581E+11,1.40146E+11,1.41585E+11,1.46638E+11,1.54575E+11,1.61612E+11,1.573E+11,1.45365E+11,1.53563E+11,1.49997E+11,1.43802E+11,1.40848E+11,1.51008E+11,1.61778E+11,1.71659E+11,1.50613E+11,1.44697E+11,1.56281E+11,1.4871E+11,1.60603E+11,1.68059E+11,1.63959E+11,1.72872E+11,1.90569E+11
Middle income,MIC,73721829000,85704658000,1.02002E+11,1.25398E+11,1.52767E+11,1.88399E+11,2.55299E+11,3.23098E+11,3.8563E+11,4.78469E+11,5.54215E+11,6.27463E+11,6.84216E+11,7.09545E+11,7.75381E+11,8.5552E+11,9.74781E+11,9.77127E+11,1.02629E+12,1.1043E+12,1.16339E+12,1.21729E+12,1.32809E+12,1.46189E+12,1.63129E+12,1.68678E+12,1.74656E+12,1.86759E+12,1.90405E+12,1.8582E+12,1.87667E+12,1.93858E+12,2.09638E+12,2.24859E+12,2.23483E+12,2.46308E+12,2.93505E+12,3.21247E+12,3.50811E+12,3.98928E+12,4.44386E+12,4.89679E+12,5.35942E+12
Moldova,MDA,,,,,,,,,,,,,,,,,,,,,,38504000,277649000,502493000,695157000,840822000,1074040000,1061525000,1179445000,1843209000,1786161000,1962012000,2113537000,2111450000,2219300000,2622104000,3365276000,3655331000,3752879000,4836836000,5322201000,5877140000,6612988000
Mongolia,MNG,,,,,,,,,,,,,,,,,,,,,,354767000,387586000,464446000,530709000,534110000,606209000,726729000,981029000,959974000,946237000,1102128000,1544708000,1593616000,1396369000,1494388000,1741845000,2183512000,2985758000,5927962000,9626575000,15384510000,18920603000
Montenegro,MNE,,,,,,,,,,,,,,,,,,,,,,,,,,,,,,,,,,,,879823000,1299340000,1502101000,2356696000,1603308000,2353590000,2830158000,2955679000
Morocco,MAR,1127927000,1186061000,1287838000,1514188000,2659520000,3360847000,5610349000,6923296000,8207899000,9722124000,10579565000,12401137000,13037496000,13908395000,16056154000,17926463000,21029567000,21117135000,22230854000,25026513000,22503088000,22688198000,22114998000,22988002000,23785010000,24233323000,23501648000,23656719000,23059606000,20790302000,18901345000,18103189000,18331944000,17017233000,16297465000,17944740000,20679213000,20956808000,24662214000,27249685000,29902854000,33815227000,39261043000
Mozambique,MOZ,,,,,,,,,,,,,,1318276000,2811175000,3433547000,4060842000,4096323000,4302431000,4581082000,4652994000,5063943000,5144681000,5570271000,5640031000,5671487000,5670487000,6555702000,5573511000,5613499000,3412083000,3635896000,3929257000,4522716000,4393146000,2792102000,3047735000,3489363000,4138419000,3746869000,4090717000,4878334000,6890117000
Myanmar,MMR,164079000,193105000,244313000,307427000,356784000,365279000,394664000,633554000,965989000,1385017000,1434072000,1695532000,2042059000,2253034000,2365627000,3182870000,3696578000,4127290000,4126108000,4271276000,4669134000,5061316000,5571832000,5930030000,6747105000,5620707000,5357719000,5323557000,5461279000,5915615000,5855972000,6145114000,6416555000,6929972000,6887775000,6797852000,6731256000,7454070000,7625049000,8189330000,8370942000,8271466000,7366680000
Nepal,NPL,9158000,12307000,20104000,27554000,34016000,49576000,100530000,112580000,146348000,204542000,278508000,352867000,452493000,470357000,589873000,743900000,985967000,1165408000,1355914000,1626888000,1765334000,1798258000,2003259000,2320468000,2409946000,2398114000,2413516000,2670621000,3030863000,2877903000,2743437000,3001370000,3216534000,3369369000,3191118000,3404460000,3615024000,3697621000,3778430000,3788739000,3827974000,3811653000,3832564000
Nicaragua,NIC,295917000,354333000,498245000,675465000,871396000,962315000,1355890000,1525327000,1615170000,2273188000,2561917000,3037460000,4202615000,4912584000,5880228000,6885951000,8013865000,8764783000,9762554000,10818899000,11020432000,11326523000,11362613000,12063503000,10470195000,6053125000,6156273000,6379426000,6870269000,6822997000,6386367000,6439287000,6851624000,5090017000,5000077000,4182738000,4104880000,4714922000,5684502000,6957339000,7771734000,8910862000,9601271000
Niger,NER,41577000,54885000,65145000,94018000,114510000,133359000,173255000,609490000,631712000,865705000,1024762000,960420000,972235000,978445000,1223454000,1443385000,1651862000,1700350000,1527923000,1757583000,1526039000,1548655000,1574539000,1542267000,1604008000,1554402000,1588577000,1686516000,1716417000,1720694000,1631141000,1843580000,2124359000,1978768000,1966762000,776008000,1095379000,961493000,1257672000,1549783000,2237352000,2319963000,2655662000
Nigeria,NGA,960363000,1081762000,1778978000,1880719000,1687172000,1337792000,3146444000,5091172000,6244581000,8938206000,11445508000,11992472000,17576994000,17783310000,18655380000,22215776000,29024888000,29624122000,30121999000,33438924000,33527205000,29018714000,30735623000,33092286000,34094442000,31414751000,28467541000,30313711000,29368025000,31581804000,30031742000,29918232000,34136659000,36689358000,20475927000,3964275000,3747929000,4042772000,6765042000,7206781000,8962799000,10058908000,13791937000
Pakistan,PAK,3790189000,4054894000,4518684000,5053440000,5680700000,6711897000,7464530000,8205091000,8788338000,9790527000,10444800000,11526768000,11852861000,12091291000,13344077000,14850481000,16693742000,16961244000,18266278000,20589309000,23292145000,24850645000,24460178000,27323529000,30168597000,29768420000,30012839000,32213892000,34074788000,32953619000,31914738000,33806946000,36457525000,36352797000,34017893000,37174398000,42006037000,49523536000,56339767000,61960130000,63988585000,60938227000,56460602000
Panama,PAN,288645000,406418000,538468000,675860000,932256000,1345441000,1684308000,2312657000,2604254000,2974727000,3366137000,3923156000,4388876000,4364608000,4758649000,4859019000,5630292000,6066411000,6232813000,6506288000,6629855000,6262189000,6712109000,6905303000,6105057000,6065608000,6019855000,6403786000,6871699000,6605781000,7056735000,7205932000,7534941000,7680451000,8108450000,8935314000,8785193000,9280428000,11242927000,11381593000,12583201000,13246740000,16471042000
Papua New Guinea,PNG,407177000,495019000,525580000,505320000,506037000,520751000,675812000,583281000,608637000,719003000,1184523000,1627596000,1867660000,2029275000,2112192000,1984118000,2275813000,2249839000,2316229000,2593897000,2774126000,3788946000,3268514000,2792347000,2505575000,2507364000,2589513000,2712135000,2657225000,2304559000,2048746000,1870265000,1880348000,1798748000,1895907000,1842573000,1447878000,1435379000,1786986000,5965008000,12584092000,23128194000,21733054000
Paraguay,PRY,162133000,184652000,207323000,254613000,306578000,370844000,550894000,719319000,907921000,1052198000,1244881000,1392452000,1506741000,1559792000,1903956000,2169712000,2606506000,2429937000,2456192000,2172933000,2125835000,1687863000,1647110000,2150650000,2615034000,2601663000,2494390000,2823777000,3431223000,3134944000,2845429000,3401636000,3967180000,4710618000,5411734000,6687973000,7917874000,9589700000,10623959000,12651966000,13077743000,12879659000,13429752000
Peru,PER,3409739000,3585308000,4023443000,5380537000,6263822000,7725085000,9323180000,9864919000,9416573000,9534079000,8742796000,10871147000,11510205000,12325640000,13049988000,15046005000,17636120000,18380471000,18725834000,20207682000,20804190000,20421071000,23650217000,26596517000,30911666000,29032994000,29704956000,30560285000,29340352000,28812916000,27705394000,28409983000,30152818000,31732644000,29508454000,29294246000,32239017000,34719590000,37389856000,42153894000,45012108000,54149551000,56661391000
Philippines,PHL,2419454000,2671172000,2761258000,3305259000,4170677000,6039467000,8183425000,10772163000,13281602000,17417200000,20785923000,24412641000,24211101000,24356705000,26637311000,28204156000,29784757000,28932156000,28652836000,30579847000,32493341000,33219034000,36142370000,40256580000,39378713000,44001188000,50705832000,53608204000,58480733000,58455894000,58398875000,60064313000,62762528000,61148530000,58692717000,57492605000,59115339000,58206460000,55711390000,60774898000,61022581000,61389687000,60608594000
Romania,ROM,,30147000,108914000,138780000,210868000,524566000,755809000,959936000,3583369000,9762280000,10446728000,10003165000,9128470000,7757570000,7008018000,6983318000,6579983000,2960341000,1086836000,1139859000,2159379000,3272088000,4281772000,5601781000,6832097000,8450365000,9628879000,10098317000,9102745000,11251678000,12722940000,16746822000,22688942000,29417589000,38625693000,53728270000,84136808000,1.02305E+11,1.19865E+11,1.24136E+11,1.29633E+11,1.30419E+11,1.33996E+11
Rwanda,RWA,1998000,3384000,7914000,12311000,24074000,47677000,87493000,126804000,156077000,189831000,196580000,218308000,240501000,290096000,365596000,451267000,605109000,653567000,623297000,711731000,809898000,857064000,908962000,954027000,1030888000,1045353000,1112852000,1227858000,1311799000,1289449000,1299403000,1452185000,1556053000,1677720000,1528467000,433569000,606245000,683910000,869367000,912817000,1103357000,1268442000,1690497000
Samoa,WSM,2610000,4380000,9456000,13797000,17392000,22630000,31254000,41242000,52517000,59192000,62601000,65782000,67687000,73525000,75128000,74760000,79617000,74957000,73538000,91807000,113649000,117764000,140499000,154590000,160046000,153446000,138790000,143915000,148000000,139172000,135465000,148294000,168610000,176494000,169098000,165440000,187695000,207365000,252886000,325099000,368309000,422905000,447234000
Sao Tome and Principe,STP,,,,,,,2183000,10316000,16719000,23460000,34421000,37836000,43793000,54044000,62646000,78920000,97673000,109171000,134446000,150046000,167713000,189843000,209812000,222778000,245656000,235378000,238100000,257876000,320784000,303832000,307439000,332659000,339355000,360390000,335025000,351057000,165768000,131393000,159640000,180882000,230844000,201622000,214377000
Senegal,SEN,152514000,161629000,199392000,265056000,349085000,409700000,628092000,894938000,1122625000,1473261000,1670739000,1859905000,2072976000,2197167000,2559363000,3230705000,4036699000,3893078000,3278556000,3753922000,3589291000,3684278000,3804937000,3697822000,3916085000,3786104000,3805576000,4096781000,4000850000,3653475000,3700968000,4118759000,4397900000,3940276000,3861744000,1936602000,2585778000,2850927000,3720889000,3908409000,4323864000,4904173000,5222793000
Serbia,SRB,3115341000,3932626000,4798033000,5640712000,6626720000,8317652000,10136188000,12541324000,15981335000,18494668000,20652769000,19905764000,20481895000,19647970000,22254001000,21502882000,22471937000,21177809000,19072883000,17792821000,16472059000,16483024000,12708822000,11100631000,10785299000,9409824000,10616367000,10897971000,10978473000,11573165000,12478684000,11490192000,14259748000,14562777000,16159381000,19885771000,26211640000,30493343000,33813839000,32934661000,31724198000,34444376000,36397427000
Seychelles,SYC,,,,,,,,,,84131000,36304000,48264000,52411000,67857000,94328000,144955000,173734000,162510000,160721000,184757000,197717000,189369000,181337000,199816000,198045000,185368000,187649000,241638000,252201000,304227000,320611000,391056000,436590000,445146000,671618000,1097867000,1410280000,1502095000,1707342000,1487144000,1778182000,2024035000,2713814000
Sierra Leone,SLE,111055000,119390000,141785000,192928000,204956000,233372000,289672000,346963000,420308000,484871000,603591000,648423000,648738000,617433000,709562000,868673000,1032095000,1024431000,1077811000,1176396000,1250709000,1370226000,1527877000,1529135000,1219572000,1211712000,1170072000,1280309000,1284536000,1212567000,1226667000,1379051000,1546317000,1654719000,1775775000,1500165000,551068000,633809000,856856000,931128000,1050425000,1125036000,1395022000
Solomon Islands,SLB,,,,,,,,11479000,13762000,19399000,23416000,28028000,34345000,44040000,65543000,76820000,97513000,103662000,99982000,120499000,129466000,94292000,150544000,154929000,158741000,147495000,139948000,154585000,165886000,156207000,164029000,180739000,178935000,178061000,167387000,174504000,178329000,166904000,172446000,230757000,257503000,228147000,203972000
Somalia,SOM,84418000,101114000,124167000,174786000,229024000,294331000,400783000,525948000,576840000,659779000,1055885000,1221705000,1410243000,1498092000,1639302000,1799721000,2009222000,2086078000,2159231000,2370267000,2449385000,2446604000,2500548000,2616163000,2678444000,2643161000,2561329000,2635038000,2624763000,2579365000,2580042000,2707489000,2858326000,2869955000,2770027000,2858378000,2965273000,2969848000,3045613000,3045469000,3053270000,3054629000,3053896000
South Africa,ZAF,,,,,,,,,,,,,,,,,,,,,,,,21671001000,25357999000,26050001000,30071801000,24778637000,24536864000,25435196000,24603875000,33719581000,37138448000,43181221000,44736852000,59381328000,72832572000,70696358000,81359978000,1.07131E+11,1.16119E+11,1.44871E+11,1.39845E+11
South Asia,SAS,13648336000,14797333000,16702815000,19895360000,22172833000,24382289000,26616724000,29329416000,32024044000,36852677000,40499605000,47421774000,52618313000,55279028000,64840860000,74884166000,88604896000,95548859000,1.11728E+11,1.26333E+11,1.31804E+11,1.36536E+11,1.40893E+11,1.5307E+11,1.52282E+11,1.50966E+11,1.49922E+11,1.58703E+11,1.64102E+11,1.62354E+11,1.58547E+11,1.70013E+11,1.88778E+11,1.95781E+11,1.90082E+11,2.34448E+11,2.89165E+11,3.22723E+11,3.61451E+11,4.07335E+11,4.58677E+11,5.14502E+11,5.45704E+11
Sri Lanka,LKA,520237000,554353000,631607000,783760000,817833000,941718000,1141625000,1381696000,1562191000,1849034000,2241835000,2632034000,2890238000,2998355000,3544639000,4086689000,4754432000,5209641000,5182823000,5864605000,6580744000,6476091000,6902623000,7960616000,8395502000,8298763000,8104315000,9027301000,9891008000,9173403000,8749854000,9777726000,10501311000,11148674000,11471669000,11991581000,14467789000,15709964000,16244456000,19898171000,22072258000,23520233000,25167821000
St. Lucia,LCA,,,,,,,,,,,15515000,17123000,18910000,20295000,23113000,31803000,46730000,57461000,65675000,79177000,82342000,97983000,100853000,113598000,128274000,141574000,152939000,183325000,185311000,222227000,252570000,286807000,331848000,355627000,415674000,369061000,474858000,832370000,433129000,579623000,451198000,432332000,486258000
St. Vincent and the Grenadines,VCT,739000,775000,2787000,3191000,3449000,3738000,4744000,5688000,7235000,10629000,18815000,21222000,25596000,24935000,27182000,31362000,41506000,48278000,52730000,62708000,68856000,76246000,101712000,114174000,118296000,122494000,117723000,136301000,193800000,195078000,195044000,175623000,199273000,228633000,252622000,243489000,201948000,204590000,221953000,273403000,282787000,268404000,292764000
Sub-Saharan Africa,SSA,8721359000,10039927000,13102142000,16406027000,19616144000,22555602000,31643682000,41490788000,49084940000,60713971000,69235196000,76564120000,86528485000,90682222000,1.06789E+11,1.20649E+11,1.47554E+11,1.50101E+11,1.56607E+11,1.76342E+11,1.82822E+11,1.82282E+11,1.94521E+11,2.19727E+11,2.34169E+11,2.29647E+11,2.23634E+11,2.26799E+11,2.15339E+11,2.12E+11,2.02109E+11,2.19967E+11,2.39691E+11,2.53515E+11,2.28678E+11,1.92695E+11,2.17744E+11,2.19669E+11,2.50524E+11,2.73433E+11,3.03446E+11,3.43069E+11,3.67507E+11
Sudan,SDN,395964000,452075000,564427000,1136484000,1598562000,2087108000,2620859000,3159017000,4077983000,5176893000,6193990000,7169373000,7506205000,8480411000,8955220000,9631221000,11248634000,11530982000,13359369000,14761956000,15226748000,15450231000,15836456000,16917974000,17603294000,16971981000,16326143000,16843013000,16203845000,16084736000,15359762000,16154161000,17322666000,18387821000,17613364000,18562590000,19633393000,20279672000,21128009000,22233278000,21146352000,21793466000,22415539000
Swaziland,SWZ,34634000,32581000,36935000,36186000,33745000,40781000,61097000,148245000,183129000,207636000,185847000,205659000,237054000,191399000,236548000,273384000,302734000,259450000,271308000,256770000,260466000,237879000,228075000,240650000,249458000,234630000,408840000,301169000,341611000,273155000,271259000,329161000,383703000,442174000,459266000,436471000,427530000,447359000,507945000,707102000,653700000,481837000,463559000
Syrian Arab Republic,SYR,348990000,425238000,519722000,613786000,810412000,1179389000,1852307000,2064511000,2384390000,3617684000,4868312000,6268167000,8722518000,8613738000,10864838000,12781069000,15645807000,16517261000,17369971000,17097159000,19035580000,19206639000,20253826000,20921317000,21788853000,21993104000,21577415000,23289341000,22935677000,22203157000,21075635000,20113494000,19184621000,19024506000,5582827000,5561285000,5682584000,5373866000,5673725000,5263142000,4967794000,4735695000,4752865000
Tajikistan,TJK,,,,,,,,,,,,,,,,,,,,,,9731000,385190000,580286000,633564000,699361000,1065027000,1242772000,1387334000,1141071000,1162076000,1252992000,1269664000,1163509000,1121433000,1068155000,1344269000,2492573000,2666449000,3082283000,3321584000,3642535000,3537678000
Tanzania,TZA,1175689000,1395651000,1743027000,2012128000,2341882000,2702044000,3470568000,4369041000,4204048000,5241014000,5757069000,6130169000,6797592000,7159551000,9091015000,4892688000,5498309000,6003411000,5844391000,6446180000,6551885000,6661806000,6761794000,7221095000,7364712000,7337688000,7099629000,7500086000,7902063000,7183053000,6506400000,7141134000,7320006000,8626966000,8400040000,4096161000,5057478000,6011853000,7624361000,8987151000,9939876000,11580815000,13024288000
Thailand,THA,1079130000,1229411000,1245693000,1600895000,1865319000,2325634000,3344454000,5029136000,6644776000,8297077000,10851628000,12235142000,13889385000,14989901000,17508563000,18492287000,20330024000,21709675000,23488901000,28094469000,37702997000,41783930000,52638027000,65533204000,1.00039E+11,1.12838E+11,1.09699E+11,1.04917E+11,96885868000,79830211000,67297104000,62922123000,58452978000,58416706000,58600055000,62459230000,62740730000,66582559000,80786613000,1.06323E+11,1.0991E+11,1.34222E+11,1.35379E+11
Togo,TGO,47287000,47050000,69572000,126774000,167828000,242227000,434315000,820145000,1103302000,1122269000,1005333000,950896000,916724000,807907000,934741000,1064793000,1234543000,1221896000,1175984000,1280411000,1350917000,1352220000,1292462000,1454414000,1474989000,1487244000,1344667000,1471813000,1538398000,1445953000,1422895000,1601847000,1731924000,1838336000,1686932000,1797042000,1969926000,1641684000,1730091000,1284564000,629442000,754075000,903358000
Tonga,TON,,,,,,,,,,,,,,,23829000,28438000,35555000,36969000,38079000,44455000,44236000,42633000,43673000,57638000,62796000,62485000,57678000,64254000,77865000,73819000,71204000,81237000,94810000,95164000,89030000,91617000,96868000,98959000,114892000,153651000,190596000,197391000,199068000
Tunisia,TUN,676472000,753134000,881777000,1008319000,1115792000,1290715000,2248217000,2954539000,3410541000,3533401000,3611173000,3777324000,4063243000,4097301000,4886590000,5944695000,6817910000,6800241000,6974801000,7689860000,8251262000,8542690000,8693842000,9614054000,10819486000,11379075000,11229239000,10845589000,11912140000,11355173000,12916183000,15490954000,18395711000,19558056000,17925699000,18686544000,20503628000,21377883000,22688127000,22471865000,22641825000,25261471000,25826985000
Turkey,TUR,3287189000,3554567000,4204213000,4632821000,5058838000,6001278000,11452267000,14854965000,15928439000,19131091000,19235547000,19715952000,20324057000,21608629000,26012629000,32933707000,40943571000,40992856000,41577123000,49424156000,50873480000,56553854000,68604754000,66249182000,73781102000,79829428000,84719907000,96952958000,1.01782E+11,1.16787E+11,1.12931E+11,1.29522E+11,1.42601E+11,1.5816E+11,1.72131E+11,2.09581E+11,2.58443E+11,2.88978E+11,2.7727E+11,2.99183E+11,3.05388E+11,3.37096E+11,3.88243E+11
Turkmenistan,TKM,,,,,,,,,,,,,,,,,,,,,,,276435000,431046000,402247000,756163000,1866476000,2397437000,2732208000,2609314000,2358329000,2069825000,1846900000,1630781000,1157800000,991051000,853749000,745721000,661475000,529121000,454309000,508886000,501854000
Uganda,UGA,172356000,177713000,175532000,202067000,209213000,243894000,300753000,426835000,588278000,690505000,707179000,874406000,1009043000,1074246000,1238563000,1422908000,1935602000,1940761000,2196167000,2605824000,2803290000,2951348000,3052839000,3397570000,3608771000,3710377000,3907825000,3941897000,3537936000,3535146000,3768225000,4014524000,4565233000,4769350000,4436713000,1276225000,1628564000,2268358000,2738677000,2974599000,3262582000,3776141000,4361282000
Ukraine,UKR,,,,,,,,,,,,,,,,,,,,,,550692000,3854891000,5636054000,8429352000,9538076000,11132122000,12147507000,14955256000,13890089000,22182106000,23423147000,25748256000,30689151000,33720928000,52516665000,78974083000,98326295000,1.04402E+11,1.25173E+11,1.35501E+11,1.35872E+11,1.47712E+11
Upper middle income,UMC,42893456000,51800433000,62865592000,78876311000,94910992000,1.19653E+11,1.6441E+11,2.16226E+11,2.63254E+11,3.28307E+11,3.83099E+11,4.29941E+11,4.60662E+11,4.75156E+11,5.08553E+11,5.51298E+11,6.1941E+11,6.10552E+11,6.12803E+11,6.59524E+11,7.00921E+11,7.42339E+11,8.37531E+11,9.23495E+11,1.06491E+12,1.11735E+12,1.17773E+12,1.25984E+12,1.28417E+12,1.26425E+12,1.29824E+12,1.3445E+12,1.45757E+12,1.58722E+12,1.6099E+12,1.80765E+12,2.16874E+12,2.36866E+12,2.5706E+12,2.93114E+12,3.26795E+12,3.59675E+12,3.96091E+12
Uzbekistan,UZB,,,,,,,,,,,,,,,,,,,,,,59702000,1031699000,1247180000,1799134000,2377300000,2916485000,3354442000,5300065000,4979871000,5208444000,5151824000,5295598000,5215731000,4655813000,4485267000,4641925000,5099976000,6950015000,7782427000,8423701000,8871487000,10604844000
Vanuatu,VUT,,,,,,,,,,,3009000,4076000,10621000,12938000,15763000,18236000,23651000,26778000,30315000,38218000,34869000,36227000,40190000,45581000,48945000,47880000,48735000,64166000,87977000,95670000,92032000,112584000,121146000,145931000,105348000,107584000,123899000,150881000,155309000,173330000,201798000,369236000,132379000
"Venezuela, RB",VEN,1998462000,2613789000,2881231000,2722901000,2290473000,4998743000,10790569000,16630900000,24101914000,29382195000,32151264000,32181845000,38321052000,36900073000,35344222000,34349097000,34576905000,34742786000,32380476000,33172571000,34123003000,37849462000,37540190000,36943074000,35744354000,34763666000,39947610000,44179410000,43484308000,42753311000,39552750000,37132966000,38105908000,39193252000,45354993000,43917194000,56760126000,66840078000,81941660000,97081140000,1.1073E+11,1.18927E+11,1.18758E+11
Vietnam,VNM,,,,,,,,,,,25579000,42766000,52564000,54570000,61267000,174639000,191481000,617485000,20705350000,23270059000,23395042000,24331839000,24167607000,24799403000,25427802000,26255068000,21750708000,22432189000,23248660000,12859279000,12616661000,13346811000,15958354000,17993066000,19038679000,18648547000,23284721000,26487635000,33083830000,44922572000,53072305000,59118574000,65460670000
"Yemen, Rep.",YEM,48816000,99160000,258063000,375393000,440332000,535433000,723294000,926936000,1175002000,1685753000,2041164000,2404746000,2797978000,3003217000,3340617000,3883335000,4587003000,5247813000,5594815000,6354024000,6475142000,6573076000,5944864000,6153602000,6250656000,6399961000,3917094000,5778378000,6281561000,5162411000,5197898000,5337938000,5524632000,5616366000,5500561000,5705773000,6152424000,6318634000,6734205000,6681701000,6417662000,7556089000,7670770000
Zambia,ZMB,857446000,943512000,1030649000,1196330000,1681369000,1893527000,2336026000,2578003000,3039850000,3252572000,3609975000,3662595000,3747215000,3752798000,4487177000,5633311000,6480351000,6694153000,6553432000,6904821000,6958490000,6700205000,6477912000,6808523000,6957805000,7060060000,6659844000,6870439000,5953165000,5811476000,6189777000,6675171000,6874318000,7540235000,5460805000,2375621000,2857153000,3079659000,3774356000,4419178000,4944354000,5384819000,5596199000
Zimbabwe,ZWE,238494000,218823000,217480000,217427000,186855000,143901000,199463000,446078000,559236000,785615000,1259852000,1871513000,2191485000,2179806000,2413670000,2621405000,2884368000,2695286000,2819931000,3278796000,3473447000,4124869000,4249519000,4485834000,4989204000,4984770000,4881174000,4598543000,4337205000,3842535000,3654716000,3978768000,4603900000,4953634000,4444631000,4908101000,5707379000,5710814000,6000141000,6604753000,7309698000,8652680000,8193261000
